,n@5,n@10,n@20,p@5,p@10,p@20,mrr,map,name,p_method,p_ratio,measure,r_sum,n_docs,gini,time
0,0.474,0.4705,0.4607,0.5838,0.5628,0.524,0.7427,0.2954,full_index,full_index,0.0,cm_10,1749002.0,201641432,0.99811709158,4543.03048396
1,0.474,0.4705,0.4607,0.5838,0.5628,0.524,0.7427,0.2954,full_index,full_index,0.0,cm_20,3692311.0,201641432,0.996788093801,4543.03048396
2,0.474,0.4705,0.4607,0.5838,0.5628,0.524,0.7427,0.2954,full_index,full_index,0.0,cm_50,9521874.0,201641432,0.994198154315,4543.03048396
3,0.474,0.4705,0.4607,0.5838,0.5628,0.524,0.7427,0.2954,full_index,full_index,0.0,cm_100,19236115.0,201641432,0.991591512152,4543.03048396
4,0.474,0.4705,0.4607,0.5838,0.5628,0.524,0.7427,0.2954,full_index,full_index,0.0,gm_0.5,3417895.13583,201641432,0.99270497643,4543.03048396
5,0.474,0.4705,0.4607,0.5838,0.5628,0.524,0.7427,0.2954,full_index,full_index,0.0,gm_1.0,813703.204032,201641432,0.994662493404,4543.03048396
6,0.474,0.4705,0.4607,0.5838,0.5628,0.524,0.7427,0.2954,full_index,full_index,0.0,gm_1.5,274563.033751,201641432,0.996726382955,4543.03048396
7,0.474,0.4705,0.4607,0.5838,0.5628,0.524,0.7427,0.2954,full_index,full_index,0.0,gm_2.0,123397.985551,201641432,0.998088409459,4543.03048396
8,0.4734,0.4673,0.4558,0.5824,0.5561,0.5159,0.7472,0.2933,dcp_0.1,dcp,0.1,cm_10,1749002.0,201641432,0.998104044992,3477.96260715
9,0.4734,0.4673,0.4558,0.5824,0.5561,0.5159,0.7472,0.2933,dcp_0.1,dcp,0.1,cm_20,3692311.0,201641432,0.996761695811,3477.96260715
10,0.4734,0.4673,0.4558,0.5824,0.5561,0.5159,0.7472,0.2933,dcp_0.1,dcp,0.1,cm_50,9521874.0,201641432,0.994146348103,3477.96260715
11,0.4734,0.4673,0.4558,0.5824,0.5561,0.5159,0.7472,0.2933,dcp_0.1,dcp,0.1,cm_100,19236104.0,201641432,0.991519323111,3477.96260715
12,0.4734,0.4673,0.4558,0.5824,0.5561,0.5159,0.7472,0.2933,dcp_0.1,dcp,0.1,gm_0.5,3417893.93816,201641432,0.992637537248,3477.96260715
13,0.4734,0.4673,0.4558,0.5824,0.5561,0.5159,0.7472,0.2933,dcp_0.1,dcp,0.1,gm_1.0,813703.07303,201641432,0.994611379921,3477.96260715
14,0.4734,0.4673,0.4558,0.5824,0.5561,0.5159,0.7472,0.2933,dcp_0.1,dcp,0.1,gm_1.5,274563.018662,201641432,0.996695688796,3477.96260715
15,0.4734,0.4673,0.4558,0.5824,0.5561,0.5159,0.7472,0.2933,dcp_0.1,dcp,0.1,gm_2.0,123397.983688,201641432,0.99807171609,3477.96260715
16,0.4729,0.4684,0.455,0.5824,0.5588,0.5159,0.7489,0.291,dcp_0.2,dcp,0.2,cm_10,1749002.0,201641432,0.998101875632,3141.56057096
17,0.4729,0.4684,0.455,0.5824,0.5588,0.5159,0.7489,0.291,dcp_0.2,dcp,0.2,cm_20,3692310.0,201641432,0.996756675539,3141.56057096
18,0.4729,0.4684,0.455,0.5824,0.5588,0.5159,0.7489,0.291,dcp_0.2,dcp,0.2,cm_50,9521872.0,201641432,0.994137570255,3141.56057096
19,0.4729,0.4684,0.455,0.5824,0.5588,0.5159,0.7489,0.291,dcp_0.2,dcp,0.2,cm_100,19236086.0,201641432,0.991509390299,3141.56057096
20,0.4729,0.4684,0.455,0.5824,0.5588,0.5159,0.7489,0.291,dcp_0.2,dcp,0.2,gm_0.5,3417891.67235,201641432,0.992627117105,3141.56057096
21,0.4729,0.4684,0.455,0.5824,0.5588,0.5159,0.7489,0.291,dcp_0.2,dcp,0.2,gm_1.0,813702.771862,201641432,0.99460284995,3141.56057096
22,0.4729,0.4684,0.455,0.5824,0.5588,0.5159,0.7489,0.291,dcp_0.2,dcp,0.2,gm_1.5,274562.975563,201641432,0.996690398927,3141.56057096
23,0.4729,0.4684,0.455,0.5824,0.5588,0.5159,0.7489,0.291,dcp_0.2,dcp,0.2,gm_2.0,123397.975812,201641432,0.998068827486,3141.56057096
24,0.4685,0.4651,0.4535,0.5784,0.5574,0.5169,0.7392,0.288,dcp_0.3,dcp,0.3,cm_10,1749002.0,201641432,0.998101932897,2817.20021605
25,0.4685,0.4651,0.4535,0.5784,0.5574,0.5169,0.7392,0.288,dcp_0.3,dcp,0.3,cm_20,3692309.0,201641432,0.996756980915,2817.20021605
26,0.4685,0.4651,0.4535,0.5784,0.5574,0.5169,0.7392,0.288,dcp_0.3,dcp,0.3,cm_50,9521866.0,201641432,0.994140188711,2817.20021605
27,0.4685,0.4651,0.4535,0.5784,0.5574,0.5169,0.7392,0.288,dcp_0.3,dcp,0.3,cm_100,19236024.0,201641432,0.991518895186,2817.20021605
28,0.4685,0.4651,0.4535,0.5784,0.5574,0.5169,0.7392,0.288,dcp_0.3,dcp,0.3,gm_0.5,3417883.97363,201641432,0.992633756888,2817.20021605
29,0.4685,0.4651,0.4535,0.5784,0.5574,0.5169,0.7392,0.288,dcp_0.3,dcp,0.3,gm_1.0,813701.771798,201641432,0.994606467646,2817.20021605
30,0.4685,0.4651,0.4535,0.5784,0.5574,0.5169,0.7392,0.288,dcp_0.3,dcp,0.3,gm_1.5,274562.838261,201641432,0.996691964372,2817.20021605
31,0.4685,0.4651,0.4535,0.5784,0.5574,0.5169,0.7392,0.288,dcp_0.3,dcp,0.3,gm_2.0,123397.954752,201641432,0.998069439064,2817.20021605
32,0.4696,0.4647,0.4543,0.5797,0.5561,0.5186,0.7405,0.2853,dcp_0.4,dcp,0.4,cm_10,1748998.0,201641432,0.998102740831,2542.53795195
33,0.4696,0.4647,0.4543,0.5797,0.5561,0.5186,0.7405,0.2853,dcp_0.4,dcp,0.4,cm_20,3692295.0,201641432,0.996759776023,2542.53795195
34,0.4696,0.4647,0.4543,0.5797,0.5561,0.5186,0.7405,0.2853,dcp_0.4,dcp,0.4,cm_50,9521835.0,201641432,0.99415000774,2542.53795195
35,0.4696,0.4647,0.4543,0.5797,0.5561,0.5186,0.7405,0.2853,dcp_0.4,dcp,0.4,cm_100,19235854.0,201641432,0.991541178596,2542.53795195
36,0.4696,0.4647,0.4543,0.5797,0.5561,0.5186,0.7405,0.2853,dcp_0.4,dcp,0.4,gm_0.5,3417861.3839,201641432,0.992650561803,2542.53795195
37,0.4696,0.4647,0.4543,0.5797,0.5561,0.5186,0.7405,0.2853,dcp_0.4,dcp,0.4,gm_1.0,813698.334428,201641432,0.994616087422,2542.53795195
38,0.4696,0.4647,0.4543,0.5797,0.5561,0.5186,0.7405,0.2853,dcp_0.4,dcp,0.4,gm_1.5,274562.203499,201641432,0.996696090232,2542.53795195
39,0.4696,0.4647,0.4543,0.5797,0.5561,0.5186,0.7405,0.2853,dcp_0.4,dcp,0.4,gm_2.0,123397.812027,201641432,0.998070839065,2542.53795195
40,0.4717,0.467,0.4552,0.5811,0.5574,0.5182,0.7408,0.2803,dcp_0.5,dcp,0.5,cm_10,1748996.0,201641432,0.998103652497,2270.68096399
41,0.4717,0.467,0.4552,0.5811,0.5574,0.5182,0.7408,0.2803,dcp_0.5,dcp,0.5,cm_20,3692291.0,201641432,0.996762848966,2270.68096399
42,0.4717,0.467,0.4552,0.5811,0.5574,0.5182,0.7408,0.2803,dcp_0.5,dcp,0.5,cm_50,9521719.0,201641432,0.994165514433,2270.68096399
43,0.4717,0.467,0.4552,0.5811,0.5574,0.5182,0.7408,0.2803,dcp_0.5,dcp,0.5,cm_100,19234927.0,201641432,0.991582077043,2270.68096399
44,0.4717,0.467,0.4552,0.5811,0.5574,0.5182,0.7408,0.2803,dcp_0.5,dcp,0.5,gm_0.5,3417749.20192,201641432,0.992680680095,2270.68096399
45,0.4717,0.467,0.4552,0.5811,0.5574,0.5182,0.7408,0.2803,dcp_0.5,dcp,0.5,gm_1.0,813684.208043,201641432,0.994632970984,2270.68096399
46,0.4717,0.467,0.4552,0.5811,0.5574,0.5182,0.7408,0.2803,dcp_0.5,dcp,0.5,gm_1.5,274560.289956,201641432,0.996703165431,2270.68096399
47,0.4717,0.467,0.4552,0.5811,0.5574,0.5182,0.7408,0.2803,dcp_0.5,dcp,0.5,gm_2.0,123397.510502,201641432,0.998073209457,2270.68096399
48,0.4679,0.464,0.4525,0.577,0.5554,0.5145,0.7432,0.2716,dcp_0.6,dcp,0.6,cm_10,1748982.0,201641432,0.998104964733,1996.08558202
49,0.4679,0.464,0.4525,0.577,0.5554,0.5145,0.7432,0.2716,dcp_0.6,dcp,0.6,cm_20,3692213.0,201641432,0.996773031172,1996.08558202
50,0.4679,0.464,0.4525,0.577,0.5554,0.5145,0.7432,0.2716,dcp_0.6,dcp,0.6,cm_50,9521205.0,201641432,0.994198978292,1996.08558202
51,0.4679,0.464,0.4525,0.577,0.5554,0.5145,0.7432,0.2716,dcp_0.6,dcp,0.6,cm_100,19233462.0,201641432,0.991666346346,1996.08558202
52,0.4679,0.464,0.4525,0.577,0.5554,0.5145,0.7432,0.2716,dcp_0.6,dcp,0.6,gm_0.5,3417543.21127,201641432,0.992742899364,1996.08558202
53,0.4679,0.464,0.4525,0.577,0.5554,0.5145,0.7432,0.2716,dcp_0.6,dcp,0.6,gm_1.0,813652.081286,201641432,0.994668419097,1996.08558202
54,0.4679,0.464,0.4525,0.577,0.5554,0.5145,0.7432,0.2716,dcp_0.6,dcp,0.6,gm_1.5,274554.328094,201641432,0.996718448216,1996.08558202
55,0.4679,0.464,0.4525,0.577,0.5554,0.5145,0.7432,0.2716,dcp_0.6,dcp,0.6,gm_2.0,123396.044989,201641432,0.998078571726,1996.08558202
56,0.4656,0.4601,0.4501,0.5784,0.5554,0.5155,0.733,0.2608,dcp_0.7,dcp,0.7,cm_10,1748885.0,201641432,0.998113776421,1743.22262907
57,0.4656,0.4601,0.4501,0.5784,0.5554,0.5155,0.733,0.2608,dcp_0.7,dcp,0.7,cm_20,3691930.0,201641432,0.996801169358,1743.22262907
58,0.4656,0.4601,0.4501,0.5784,0.5554,0.5155,0.733,0.2608,dcp_0.7,dcp,0.7,cm_50,9519962.0,201641432,0.994298916385,1743.22262907
59,0.4656,0.4601,0.4501,0.5784,0.5554,0.5155,0.733,0.2608,dcp_0.7,dcp,0.7,cm_100,19230186.0,201641432,0.991892475861,1743.22262907
60,0.4656,0.4601,0.4501,0.5784,0.5554,0.5155,0.733,0.2608,dcp_0.7,dcp,0.7,gm_0.5,3417059.46527,201641432,0.992913147783,1743.22262907
61,0.4656,0.4601,0.4501,0.5784,0.5554,0.5155,0.733,0.2608,dcp_0.7,dcp,0.7,gm_1.0,813568.265858,201641432,0.994768374645,1743.22262907
62,0.4656,0.4601,0.4501,0.5784,0.5554,0.5155,0.733,0.2608,dcp_0.7,dcp,0.7,gm_1.5,274535.882086,201641432,0.996763480899,1743.22262907
63,0.4656,0.4601,0.4501,0.5784,0.5554,0.5155,0.733,0.2608,dcp_0.7,dcp,0.7,gm_2.0,123390.622423,201641432,0.998095956281,1743.22262907
64,0.4589,0.4519,0.4441,0.5716,0.5466,0.5118,0.7031,0.2427,dcp_0.8,dcp,0.8,cm_10,1748737.0,201641432,0.998138696813,1442.32992887
65,0.4589,0.4519,0.4441,0.5716,0.5466,0.5118,0.7031,0.2427,dcp_0.8,dcp,0.8,cm_20,3691407.0,201641432,0.996879669765,1442.32992887
66,0.4589,0.4519,0.4441,0.5716,0.5466,0.5118,0.7031,0.2427,dcp_0.8,dcp,0.8,cm_50,9517661.0,201641432,0.994566761093,1442.32992887
67,0.4589,0.4519,0.4441,0.5716,0.5466,0.5118,0.7031,0.2427,dcp_0.8,dcp,0.8,cm_100,19223499.0,201641432,0.992453750046,1442.32992887
68,0.4589,0.4519,0.4441,0.5716,0.5466,0.5118,0.7031,0.2427,dcp_0.8,dcp,0.8,gm_0.5,3416098.16756,201641432,0.993343261009,1442.32992887
69,0.4589,0.4519,0.4441,0.5716,0.5466,0.5118,0.7031,0.2427,dcp_0.8,dcp,0.8,gm_1.0,813408.202607,201641432,0.995025051612,1442.32992887
70,0.4589,0.4519,0.4441,0.5716,0.5466,0.5118,0.7031,0.2427,dcp_0.8,dcp,0.8,gm_1.5,274502.295436,201641432,0.996880727348,1442.32992887
71,0.4589,0.4519,0.4441,0.5716,0.5466,0.5118,0.7031,0.2427,dcp_0.8,dcp,0.8,gm_2.0,123381.009611,201641432,0.998141852854,1442.32992887
72,0.4455,0.4393,0.4281,0.5541,0.5291,0.4943,0.7175,0.2062,dcp_0.9,dcp,0.9,cm_10,1748298.0,201641432,0.998227871987,1069.64936709
73,0.4455,0.4393,0.4281,0.5541,0.5291,0.4943,0.7175,0.2062,dcp_0.9,dcp,0.9,cm_20,3690062.0,201641432,0.997139406226,1069.64936709
74,0.4455,0.4393,0.4281,0.5541,0.5291,0.4943,0.7175,0.2062,dcp_0.9,dcp,0.9,cm_50,9512598.0,201641432,0.995349612494,1069.64936709
75,0.4455,0.4393,0.4281,0.5541,0.5291,0.4943,0.7175,0.2062,dcp_0.9,dcp,0.9,cm_100,19208723.0,201641432,0.993881353401,1069.64936709
76,0.4455,0.4393,0.4281,0.5541,0.5291,0.4943,0.7175,0.2062,dcp_0.9,dcp,0.9,gm_0.5,3413933.72526,201641432,0.994470029392,1069.64936709
77,0.4455,0.4393,0.4281,0.5541,0.5291,0.4943,0.7175,0.2062,dcp_0.9,dcp,0.9,gm_1.0,813030.050626,201641432,0.995721810498,1069.64936709
78,0.4455,0.4393,0.4281,0.5541,0.5291,0.4943,0.7175,0.2062,dcp_0.9,dcp,0.9,gm_1.5,274415.23337,201641432,0.997212109974,1069.64936709
79,0.4455,0.4393,0.4281,0.5541,0.5291,0.4943,0.7175,0.2062,dcp_0.9,dcp,0.9,gm_2.0,123352.970205,201641432,0.998278401942,1069.64936709
80,0.4735,0.4675,0.4559,0.5838,0.5568,0.5159,0.7472,0.2931,infinite_renyi_0.1,infinite_renyi,0.1,cm_10,1749002.0,201641432,0.9981038369,3524.41728091
81,0.4735,0.4675,0.4559,0.5838,0.5568,0.5159,0.7472,0.2931,infinite_renyi_0.1,infinite_renyi,0.1,cm_20,3692311.0,201641432,0.996761509512,3524.41728091
82,0.4735,0.4675,0.4559,0.5838,0.5568,0.5159,0.7472,0.2931,infinite_renyi_0.1,infinite_renyi,0.1,cm_50,9521874.0,201641432,0.994146451665,3524.41728091
83,0.4735,0.4675,0.4559,0.5838,0.5568,0.5159,0.7472,0.2931,infinite_renyi_0.1,infinite_renyi,0.1,cm_100,19236104.0,201641432,0.991519710677,3524.41728091
84,0.4735,0.4675,0.4559,0.5838,0.5568,0.5159,0.7472,0.2931,infinite_renyi_0.1,infinite_renyi,0.1,gm_0.5,3417893.93823,201641432,0.992637733323,3524.41728091
85,0.4735,0.4675,0.4559,0.5838,0.5568,0.5159,0.7472,0.2931,infinite_renyi_0.1,infinite_renyi,0.1,gm_1.0,813703.073037,201641432,0.994611375801,3524.41728091
86,0.4735,0.4675,0.4559,0.5838,0.5568,0.5159,0.7472,0.2931,infinite_renyi_0.1,infinite_renyi,0.1,gm_1.5,274563.018993,201641432,0.996695587574,3524.41728091
87,0.4735,0.4675,0.4559,0.5838,0.5568,0.5159,0.7472,0.2931,infinite_renyi_0.1,infinite_renyi,0.1,gm_2.0,123397.983519,201641432,0.998071606338,3524.41728091
88,0.4729,0.4683,0.4547,0.5824,0.5588,0.5155,0.7488,0.291,infinite_renyi_0.2,infinite_renyi,0.2,cm_10,1749002.0,201641432,0.998101824316,3067.13146496
89,0.4729,0.4683,0.4547,0.5824,0.5588,0.5155,0.7488,0.291,infinite_renyi_0.2,infinite_renyi,0.2,cm_20,3692311.0,201641432,0.996756696338,3067.13146496
90,0.4729,0.4683,0.4547,0.5824,0.5588,0.5155,0.7488,0.291,infinite_renyi_0.2,infinite_renyi,0.2,cm_50,9521873.0,201641432,0.994138003916,3067.13146496
91,0.4729,0.4683,0.4547,0.5824,0.5588,0.5155,0.7488,0.291,infinite_renyi_0.2,infinite_renyi,0.2,cm_100,19236089.0,201641432,0.991510232135,3067.13146496
92,0.4729,0.4683,0.4547,0.5824,0.5588,0.5155,0.7488,0.291,infinite_renyi_0.2,infinite_renyi,0.2,gm_0.5,3417892.13774,201641432,0.992627659666,3067.13146496
93,0.4729,0.4683,0.4547,0.5824,0.5588,0.5155,0.7488,0.291,infinite_renyi_0.2,infinite_renyi,0.2,gm_1.0,813702.856176,201641432,0.994603095949,3067.13146496
94,0.4729,0.4683,0.4547,0.5824,0.5588,0.5155,0.7488,0.291,infinite_renyi_0.2,infinite_renyi,0.2,gm_1.5,274562.992655,201641432,0.996690447706,3067.13146496
95,0.4729,0.4683,0.4547,0.5824,0.5588,0.5155,0.7488,0.291,infinite_renyi_0.2,infinite_renyi,0.2,gm_2.0,123397.979489,201641432,0.998068787694,3067.13146496
96,0.4694,0.466,0.4541,0.5797,0.5581,0.5176,0.7427,0.2882,infinite_renyi_0.3,infinite_renyi,0.3,cm_10,1749002.0,201641432,0.998101800978,2746.87045002
97,0.4694,0.466,0.4541,0.5797,0.5581,0.5176,0.7427,0.2882,infinite_renyi_0.3,infinite_renyi,0.3,cm_20,3692309.0,201641432,0.996757125975,2746.87045002
98,0.4694,0.466,0.4541,0.5797,0.5581,0.5176,0.7427,0.2882,infinite_renyi_0.3,infinite_renyi,0.3,cm_50,9521867.0,201641432,0.994141106019,2746.87045002
99,0.4694,0.466,0.4541,0.5797,0.5581,0.5176,0.7427,0.2882,infinite_renyi_0.3,infinite_renyi,0.3,cm_100,19236029.0,201641432,0.991521440392,2746.87045002
100,0.4694,0.466,0.4541,0.5797,0.5581,0.5176,0.7427,0.2882,infinite_renyi_0.3,infinite_renyi,0.3,gm_0.5,3417884.64327,201641432,0.992635483908,2746.87045002
101,0.4694,0.466,0.4541,0.5797,0.5581,0.5176,0.7427,0.2882,infinite_renyi_0.3,infinite_renyi,0.3,gm_1.0,813701.867625,201641432,0.99460734347,2746.87045002
102,0.4694,0.466,0.4541,0.5797,0.5581,0.5176,0.7427,0.2882,infinite_renyi_0.3,infinite_renyi,0.3,gm_1.5,274562.853272,201641432,0.996692268532,2746.87045002
103,0.4694,0.466,0.4541,0.5797,0.5581,0.5176,0.7427,0.2882,infinite_renyi_0.3,infinite_renyi,0.3,gm_2.0,123397.957079,201641432,0.998069500576,2746.87045002
104,0.4689,0.4648,0.4543,0.5784,0.5561,0.5186,0.7408,0.2852,infinite_renyi_0.4,infinite_renyi,0.4,cm_10,1748998.0,201641432,0.998102658566,2530.09530187
105,0.4689,0.4648,0.4543,0.5784,0.5561,0.5186,0.7408,0.2852,infinite_renyi_0.4,infinite_renyi,0.4,cm_20,3692295.0,201641432,0.996759665838,2530.09530187
106,0.4689,0.4648,0.4543,0.5784,0.5561,0.5186,0.7408,0.2852,infinite_renyi_0.4,infinite_renyi,0.4,cm_50,9521839.0,201641432,0.994151019977,2530.09530187
107,0.4689,0.4648,0.4543,0.5784,0.5561,0.5186,0.7408,0.2852,infinite_renyi_0.4,infinite_renyi,0.4,cm_100,19235871.0,201641432,0.991544319512,2530.09530187
108,0.4689,0.4648,0.4543,0.5784,0.5561,0.5186,0.7408,0.2852,infinite_renyi_0.4,infinite_renyi,0.4,gm_0.5,3417863.42453,201641432,0.992652768884,2530.09530187
109,0.4689,0.4648,0.4543,0.5784,0.5561,0.5186,0.7408,0.2852,infinite_renyi_0.4,infinite_renyi,0.4,gm_1.0,813698.585086,201641432,0.994617226064,2530.09530187
110,0.4689,0.4648,0.4543,0.5784,0.5561,0.5186,0.7408,0.2852,infinite_renyi_0.4,infinite_renyi,0.4,gm_1.5,274562.23557,201641432,0.996696488614,2530.09530187
111,0.4689,0.4648,0.4543,0.5784,0.5561,0.5186,0.7408,0.2852,infinite_renyi_0.4,infinite_renyi,0.4,gm_2.0,123397.81609,201641432,0.998070927381,2530.09530187
112,0.4693,0.4659,0.4547,0.5784,0.5568,0.5182,0.7408,0.2801,infinite_renyi_0.5,infinite_renyi,0.5,cm_10,1748996.0,201641432,0.998103822468,2303.02575588
113,0.4693,0.4659,0.4547,0.5784,0.5568,0.5182,0.7408,0.2801,infinite_renyi_0.5,infinite_renyi,0.5,cm_20,3692291.0,201641432,0.996763835969,2303.02575588
114,0.4693,0.4659,0.4547,0.5784,0.5568,0.5182,0.7408,0.2801,infinite_renyi_0.5,infinite_renyi,0.5,cm_50,9521744.0,201641432,0.994168284262,2303.02575588
115,0.4693,0.4659,0.4547,0.5784,0.5568,0.5182,0.7408,0.2801,infinite_renyi_0.5,infinite_renyi,0.5,cm_100,19235013.0,201641432,0.991587543564,2303.02575588
116,0.4693,0.4659,0.4547,0.5784,0.5568,0.5182,0.7408,0.2801,infinite_renyi_0.5,infinite_renyi,0.5,gm_0.5,3417760.45098,201641432,0.992684833077,2303.02575588
117,0.4693,0.4659,0.4547,0.5784,0.5568,0.5182,0.7408,0.2801,infinite_renyi_0.5,infinite_renyi,0.5,gm_1.0,813685.754069,201641432,0.994635446498,2303.02575588
118,0.4693,0.4659,0.4547,0.5784,0.5568,0.5182,0.7408,0.2801,infinite_renyi_0.5,infinite_renyi,0.5,gm_1.5,274560.514139,201641432,0.996704286113,2303.02575588
119,0.4693,0.4659,0.4547,0.5784,0.5568,0.5182,0.7408,0.2801,infinite_renyi_0.5,infinite_renyi,0.5,gm_2.0,123397.544577,201641432,0.998073633818,2303.02575588
120,0.467,0.4646,0.453,0.5757,0.5568,0.5152,0.7432,0.2717,infinite_renyi_0.6,infinite_renyi,0.6,cm_10,1748982.0,201641432,0.998105519742,2018.66630316
121,0.467,0.4646,0.453,0.5757,0.5568,0.5152,0.7432,0.2717,infinite_renyi_0.6,infinite_renyi,0.6,cm_20,3692216.0,201641432,0.996774819704,2018.66630316
122,0.467,0.4646,0.453,0.5757,0.5568,0.5152,0.7432,0.2717,infinite_renyi_0.6,infinite_renyi,0.6,cm_50,9521227.0,201641432,0.994204963346,2018.66630316
123,0.467,0.4646,0.453,0.5757,0.5568,0.5152,0.7432,0.2717,infinite_renyi_0.6,infinite_renyi,0.6,cm_100,19233523.0,201641432,0.991679038652,2018.66630316
124,0.467,0.4646,0.453,0.5757,0.5568,0.5152,0.7432,0.2717,infinite_renyi_0.6,infinite_renyi,0.6,gm_0.5,3417551.80764,201641432,0.992752591571,2018.66630316
125,0.467,0.4646,0.453,0.5757,0.5568,0.5152,0.7432,0.2717,infinite_renyi_0.6,infinite_renyi,0.6,gm_1.0,813653.372312,201641432,0.99467421816,2018.66630316
126,0.467,0.4646,0.453,0.5757,0.5568,0.5152,0.7432,0.2717,infinite_renyi_0.6,infinite_renyi,0.6,gm_1.5,274554.538207,201641432,0.996721104718,2018.66630316
127,0.467,0.4646,0.453,0.5757,0.5568,0.5152,0.7432,0.2717,infinite_renyi_0.6,infinite_renyi,0.6,gm_2.0,123396.082363,201641432,0.998079616633,2018.66630316
128,0.4661,0.4598,0.4503,0.5797,0.5547,0.5162,0.733,0.2609,infinite_renyi_0.7,infinite_renyi,0.7,cm_10,1748884.0,201641432,0.998115081444,1718.31933904
129,0.4661,0.4598,0.4503,0.5797,0.5547,0.5162,0.733,0.2609,infinite_renyi_0.7,infinite_renyi,0.7,cm_20,3691933.0,201641432,0.996804737115,1718.31933904
130,0.4661,0.4598,0.4503,0.5797,0.5547,0.5162,0.733,0.2609,infinite_renyi_0.7,infinite_renyi,0.7,cm_50,9519989.0,201641432,0.994309624882,1718.31933904
131,0.4661,0.4598,0.4503,0.5797,0.5547,0.5162,0.733,0.2609,infinite_renyi_0.7,infinite_renyi,0.7,cm_100,19230252.0,201641432,0.991914904842,1718.31933904
132,0.4661,0.4598,0.4503,0.5797,0.5547,0.5162,0.733,0.2609,infinite_renyi_0.7,infinite_renyi,0.7,gm_0.5,3417068.75743,201641432,0.992930609278,1718.31933904
133,0.4661,0.4598,0.4503,0.5797,0.5547,0.5162,0.733,0.2609,infinite_renyi_0.7,infinite_renyi,0.7,gm_1.0,813569.617823,201641432,0.994779065778,1718.31933904
134,0.4661,0.4598,0.4503,0.5797,0.5547,0.5162,0.733,0.2609,infinite_renyi_0.7,infinite_renyi,0.7,gm_1.5,274536.081119,201641432,0.996768515742,1718.31933904
135,0.4661,0.4598,0.4503,0.5797,0.5547,0.5162,0.733,0.2609,infinite_renyi_0.7,infinite_renyi,0.7,gm_2.0,123390.650254,201641432,0.998098006248,1718.31933904
136,0.4607,0.4523,0.4443,0.573,0.5466,0.5111,0.7031,0.2435,infinite_renyi_0.8,infinite_renyi,0.8,cm_10,1748744.0,201641432,0.998141446612,1476.07140684
137,0.4607,0.4523,0.4443,0.573,0.5466,0.5111,0.7031,0.2435,infinite_renyi_0.8,infinite_renyi,0.8,cm_20,3691427.0,201641432,0.996886499365,1476.07140684
138,0.4607,0.4523,0.4443,0.573,0.5466,0.5111,0.7031,0.2435,infinite_renyi_0.8,infinite_renyi,0.8,cm_50,9517711.0,201641432,0.99458625042,1476.07140684
139,0.4607,0.4523,0.4443,0.573,0.5466,0.5111,0.7031,0.2435,infinite_renyi_0.8,infinite_renyi,0.8,cm_100,19223461.0,201641432,0.992488481484,1476.07140684
140,0.4607,0.4523,0.4443,0.573,0.5466,0.5111,0.7031,0.2435,infinite_renyi_0.8,infinite_renyi,0.8,gm_0.5,3416100.12017,201641432,0.993371646658,1476.07140684
141,0.4607,0.4523,0.4443,0.573,0.5466,0.5111,0.7031,0.2435,infinite_renyi_0.8,infinite_renyi,0.8,gm_1.0,813410.169479,201641432,0.995043436689,1476.07140684
142,0.4607,0.4523,0.4443,0.573,0.5466,0.5111,0.7031,0.2435,infinite_renyi_0.8,infinite_renyi,0.8,gm_1.5,274503.126428,201641432,0.996889908649,1476.07140684
143,0.4607,0.4523,0.4443,0.573,0.5466,0.5111,0.7031,0.2435,infinite_renyi_0.8,infinite_renyi,0.8,gm_2.0,123381.353174,201641432,0.99814586292,1476.07140684
144,0.4448,0.4379,0.4258,0.5568,0.5284,0.4919,0.7143,0.2058,infinite_renyi_0.9,infinite_renyi,0.9,cm_10,1748309.0,201641432,0.99823250635,1086.82304096
145,0.4448,0.4379,0.4258,0.5568,0.5284,0.4919,0.7143,0.2058,infinite_renyi_0.9,infinite_renyi,0.9,cm_20,3690077.0,201641432,0.997147022341,1086.82304096
146,0.4448,0.4379,0.4258,0.5568,0.5284,0.4919,0.7143,0.2058,infinite_renyi_0.9,infinite_renyi,0.9,cm_50,9512590.0,201641432,0.995360655621,1086.82304096
147,0.4448,0.4379,0.4258,0.5568,0.5284,0.4919,0.7143,0.2058,infinite_renyi_0.9,infinite_renyi,0.9,cm_100,19208614.0,201641432,0.993897302955,1086.82304096
148,0.4448,0.4379,0.4258,0.5568,0.5284,0.4919,0.7143,0.2058,infinite_renyi_0.9,infinite_renyi,0.9,gm_0.5,3413922.55892,201641432,0.994486333991,1086.82304096
149,0.4448,0.4379,0.4258,0.5568,0.5284,0.4919,0.7143,0.2058,infinite_renyi_0.9,infinite_renyi,0.9,gm_1.0,813029.68953,201641432,0.995735399457,1086.82304096
150,0.4448,0.4379,0.4258,0.5568,0.5284,0.4919,0.7143,0.2058,infinite_renyi_0.9,infinite_renyi,0.9,gm_1.5,274415.710797,201641432,0.997220826611,1086.82304096
151,0.4448,0.4379,0.4258,0.5568,0.5284,0.4919,0.7143,0.2058,infinite_renyi_0.9,infinite_renyi,0.9,gm_2.0,123353.319091,201641432,0.998283298481,1086.82304096
152,0.4747,0.471,0.4604,0.5851,0.5635,0.5233,0.743,0.2917,tcp_0.1,tcp,0.1,cm_10,1748381.0,201641432,0.998127365643,4028.04761505
153,0.4747,0.471,0.4604,0.5851,0.5635,0.5233,0.743,0.2917,tcp_0.1,tcp,0.1,cm_20,3690999.0,201641432,0.99680365796,4028.04761505
154,0.4747,0.471,0.4604,0.5851,0.5635,0.5233,0.743,0.2917,tcp_0.1,tcp,0.1,cm_50,9518340.0,201641432,0.994220563984,4028.04761505
155,0.4747,0.471,0.4604,0.5851,0.5635,0.5233,0.743,0.2917,tcp_0.1,tcp,0.1,cm_100,19228207.0,201641432,0.99161736507,4028.04761505
156,0.4747,0.471,0.4604,0.5851,0.5635,0.5233,0.743,0.2917,tcp_0.1,tcp,0.1,gm_0.5,3416550.52948,201641432,0.992726658788,4028.04761505
157,0.4747,0.471,0.4604,0.5851,0.5635,0.5233,0.743,0.2917,tcp_0.1,tcp,0.1,gm_1.0,813397.962594,201641432,0.99467878424,4028.04761505
158,0.4747,0.471,0.4604,0.5851,0.5635,0.5233,0.743,0.2917,tcp_0.1,tcp,0.1,gm_1.5,274463.454644,201641432,0.996737109426,4028.04761505
159,0.4747,0.471,0.4604,0.5851,0.5635,0.5233,0.743,0.2917,tcp_0.1,tcp,0.1,gm_2.0,123353.894119,201641432,0.998095335593,4028.04761505
160,0.4767,0.4711,0.4603,0.5892,0.5649,0.5236,0.7417,0.287,tcp_0.2,tcp,0.2,cm_10,1748381.0,201641432,0.998127552033,3780.08750916
161,0.4767,0.4711,0.4603,0.5892,0.5649,0.5236,0.7417,0.287,tcp_0.2,tcp,0.2,cm_20,3690998.0,201641432,0.996801994307,3780.08750916
162,0.4767,0.4711,0.4603,0.5892,0.5649,0.5236,0.7417,0.287,tcp_0.2,tcp,0.2,cm_50,9518262.0,201641432,0.994215167082,3780.08750916
163,0.4767,0.4711,0.4603,0.5892,0.5649,0.5236,0.7417,0.287,tcp_0.2,tcp,0.2,cm_100,19227827.0,201641432,0.991604606491,3780.08750916
164,0.4767,0.4711,0.4603,0.5892,0.5649,0.5236,0.7417,0.287,tcp_0.2,tcp,0.2,gm_0.5,3416503.74689,201641432,0.992716864002,3780.08750916
165,0.4767,0.4711,0.4603,0.5892,0.5649,0.5236,0.7417,0.287,tcp_0.2,tcp,0.2,gm_1.0,813392.0157,201641432,0.994673072653,3780.08750916
166,0.4767,0.4711,0.4603,0.5892,0.5649,0.5236,0.7417,0.287,tcp_0.2,tcp,0.2,gm_1.5,274462.669562,201641432,0.996734668869,3780.08750916
167,0.4767,0.4711,0.4603,0.5892,0.5649,0.5236,0.7417,0.287,tcp_0.2,tcp,0.2,gm_2.0,123353.786646,201641432,0.99809451116,3780.08750916
168,0.4733,0.4682,0.4572,0.5851,0.5588,0.5199,0.7372,0.274,tcp_0.3,tcp,0.3,cm_10,1748381.0,201641432,0.998125769792,3472.38922405
169,0.4733,0.4682,0.4572,0.5851,0.5588,0.5199,0.7372,0.274,tcp_0.3,tcp,0.3,cm_20,3690996.0,201641432,0.996795083314,3472.38922405
170,0.4733,0.4682,0.4572,0.5851,0.5588,0.5199,0.7372,0.274,tcp_0.3,tcp,0.3,cm_50,9518127.0,201641432,0.994189381992,3472.38922405
171,0.4733,0.4682,0.4572,0.5851,0.5588,0.5199,0.7372,0.274,tcp_0.3,tcp,0.3,cm_100,19226965.0,201641432,0.991547099726,3472.38922405
172,0.4733,0.4682,0.4572,0.5851,0.5588,0.5199,0.7372,0.274,tcp_0.3,tcp,0.3,gm_0.5,3416399.19519,201641432,0.99267242923,3472.38922405
173,0.4733,0.4682,0.4572,0.5851,0.5588,0.5199,0.7372,0.274,tcp_0.3,tcp,0.3,gm_1.0,813378.930896,201641432,0.994646564054,3472.38922405
174,0.4733,0.4682,0.4572,0.5851,0.5588,0.5199,0.7372,0.274,tcp_0.3,tcp,0.3,gm_1.5,274460.968098,201641432,0.99672271658,3472.38922405
175,0.4733,0.4682,0.4572,0.5851,0.5588,0.5199,0.7372,0.274,tcp_0.3,tcp,0.3,gm_2.0,123353.555734,201641432,0.998089935638,3472.38922405
176,0.4723,0.4656,0.4534,0.5824,0.5541,0.5122,0.7302,0.2576,tcp_0.4,tcp,0.4,cm_10,1748381.0,201641432,0.998119947802,3175.18278503
177,0.4723,0.4656,0.4534,0.5824,0.5541,0.5122,0.7302,0.2576,tcp_0.4,tcp,0.4,cm_20,3690991.0,201641432,0.996777130686,3175.18278503
178,0.4723,0.4656,0.4534,0.5824,0.5541,0.5122,0.7302,0.2576,tcp_0.4,tcp,0.4,cm_50,9517989.0,201641432,0.994123071695,3175.18278503
179,0.4723,0.4656,0.4534,0.5824,0.5541,0.5122,0.7302,0.2576,tcp_0.4,tcp,0.4,cm_100,19225953.0,201641432,0.991401058206,3175.18278503
180,0.4723,0.4656,0.4534,0.5824,0.5541,0.5122,0.7302,0.2576,tcp_0.4,tcp,0.4,gm_0.5,3416278.0418,201641432,0.992560785354,3175.18278503
181,0.4723,0.4656,0.4534,0.5824,0.5541,0.5122,0.7302,0.2576,tcp_0.4,tcp,0.4,gm_1.0,813363.9423,201641432,0.994580258049,3175.18278503
182,0.4723,0.4656,0.4534,0.5824,0.5541,0.5122,0.7302,0.2576,tcp_0.4,tcp,0.4,gm_1.5,274459.034451,201641432,0.996692675162,3175.18278503
183,0.4723,0.4656,0.4534,0.5824,0.5541,0.5122,0.7302,0.2576,tcp_0.4,tcp,0.4,gm_2.0,123353.290832,201641432,0.998078206965,3175.18278503
184,0.4694,0.462,0.4524,0.5743,0.5493,0.5149,0.7207,0.2413,tcp_0.5,tcp,0.5,cm_10,1748381.0,201641432,0.998109242842,2876.75577092
185,0.4694,0.462,0.4524,0.5743,0.5493,0.5149,0.7207,0.2413,tcp_0.5,tcp,0.5,cm_20,3690990.0,201641432,0.996747669789,2876.75577092
186,0.4694,0.462,0.4524,0.5743,0.5493,0.5149,0.7207,0.2413,tcp_0.5,tcp,0.5,cm_50,9517822.0,201641432,0.994027687937,2876.75577092
187,0.4694,0.462,0.4524,0.5743,0.5493,0.5149,0.7207,0.2413,tcp_0.5,tcp,0.5,cm_100,19224932.0,201641432,0.991207369138,2876.75577092
188,0.4694,0.462,0.4524,0.5743,0.5493,0.5149,0.7207,0.2413,tcp_0.5,tcp,0.5,gm_0.5,3416153.89943,201641432,0.992409988892,2876.75577092
189,0.4694,0.462,0.4524,0.5743,0.5493,0.5149,0.7207,0.2413,tcp_0.5,tcp,0.5,gm_1.0,813348.459167,201641432,0.994488035536,2876.75577092
190,0.4694,0.462,0.4524,0.5743,0.5493,0.5149,0.7207,0.2413,tcp_0.5,tcp,0.5,gm_1.5,274457.043533,201641432,0.996649192105,2876.75577092
191,0.4694,0.462,0.4524,0.5743,0.5493,0.5149,0.7207,0.2413,tcp_0.5,tcp,0.5,gm_2.0,123353.026597,201641432,0.998060254951,2876.75577092
192,0.4656,0.4616,0.4459,0.5703,0.5534,0.5054,0.7293,0.2242,tcp_0.6,tcp,0.6,cm_10,1748381.0,201641432,0.998096550358,2652.627913
193,0.4656,0.4616,0.4459,0.5703,0.5534,0.5054,0.7293,0.2242,tcp_0.6,tcp,0.6,cm_20,3690987.0,201641432,0.996710119616,2652.627913
194,0.4656,0.4616,0.4459,0.5703,0.5534,0.5054,0.7293,0.2242,tcp_0.6,tcp,0.6,cm_50,9517572.0,201641432,0.993903938142,2652.627913
195,0.4656,0.4616,0.4459,0.5703,0.5534,0.5054,0.7293,0.2242,tcp_0.6,tcp,0.6,cm_100,19223617.0,201641432,0.990961550643,2652.627913
196,0.4656,0.4616,0.4459,0.5703,0.5534,0.5054,0.7293,0.2242,tcp_0.6,tcp,0.6,gm_0.5,3415991.32591,201641432,0.992217649378,2652.627913
197,0.4656,0.4616,0.4459,0.5703,0.5534,0.5054,0.7293,0.2242,tcp_0.6,tcp,0.6,gm_1.0,813327.653541,201641432,0.994370232264,2652.627913
198,0.4656,0.4616,0.4459,0.5703,0.5534,0.5054,0.7293,0.2242,tcp_0.6,tcp,0.6,gm_1.5,274454.268227,201641432,0.996593901112,2652.627913
199,0.4656,0.4616,0.4459,0.5703,0.5534,0.5054,0.7293,0.2242,tcp_0.6,tcp,0.6,gm_2.0,123352.639176,201641432,0.998037882226,2652.627913
200,0.4579,0.4522,0.4294,0.5662,0.5399,0.4784,0.72,0.2032,tcp_0.7,tcp,0.7,cm_10,1748381.0,201641432,0.998078075878,2231.11466193
201,0.4579,0.4522,0.4294,0.5662,0.5399,0.4784,0.72,0.2032,tcp_0.7,tcp,0.7,cm_20,3690982.0,201641432,0.996658545876,2231.11466193
202,0.4579,0.4522,0.4294,0.5662,0.5399,0.4784,0.72,0.2032,tcp_0.7,tcp,0.7,cm_50,9517247.0,201641432,0.993754385377,2231.11466193
203,0.4579,0.4522,0.4294,0.5662,0.5399,0.4784,0.72,0.2032,tcp_0.7,tcp,0.7,cm_100,19221639.0,201641432,0.99069005231,2231.11466193
204,0.4579,0.4522,0.4294,0.5662,0.5399,0.4784,0.72,0.2032,tcp_0.7,tcp,0.7,gm_0.5,3415747.46626,201641432,0.991998242626,2231.11466193
205,0.4579,0.4522,0.4294,0.5662,0.5399,0.4784,0.72,0.2032,tcp_0.7,tcp,0.7,gm_1.0,813296.57619,201641432,0.994231663265,2231.11466193
206,0.4579,0.4522,0.4294,0.5662,0.5399,0.4784,0.72,0.2032,tcp_0.7,tcp,0.7,gm_1.5,274450.146742,201641432,0.996526501924,2231.11466193
207,0.4579,0.4522,0.4294,0.5662,0.5399,0.4784,0.72,0.2032,tcp_0.7,tcp,0.7,gm_2.0,123352.066716,201641432,0.998009361385,2231.11466193
208,0.4363,0.4283,0.4009,0.5446,0.5095,0.4436,0.6994,0.1794,tcp_0.8,tcp,0.8,cm_10,1748450.0,201641432,0.998065395217,1761.5331161
209,0.4363,0.4283,0.4009,0.5446,0.5095,0.4436,0.6994,0.1794,tcp_0.8,tcp,0.8,cm_20,3691042.0,201641432,0.996640975636,1761.5331161
210,0.4363,0.4283,0.4009,0.5446,0.5095,0.4436,0.6994,0.1794,tcp_0.8,tcp,0.8,cm_50,9516787.0,201641432,0.993763780841,1761.5331161
211,0.4363,0.4283,0.4009,0.5446,0.5095,0.4436,0.6994,0.1794,tcp_0.8,tcp,0.8,cm_100,19218787.0,201641432,0.990851851947,1761.5331161
212,0.4363,0.4283,0.4009,0.5446,0.5095,0.4436,0.6994,0.1794,tcp_0.8,tcp,0.8,gm_0.5,3415437.75737,201641432,0.992086404594,1761.5331161
213,0.4363,0.4283,0.4009,0.5446,0.5095,0.4436,0.6994,0.1794,tcp_0.8,tcp,0.8,gm_1.0,813285.37535,201641432,0.994262541348,1761.5331161
214,0.4363,0.4283,0.4009,0.5446,0.5095,0.4436,0.6994,0.1794,tcp_0.8,tcp,0.8,gm_1.5,274468.441588,201641432,0.996528863235,1761.5331161
215,0.4363,0.4283,0.4009,0.5446,0.5095,0.4436,0.6994,0.1794,tcp_0.8,tcp,0.8,gm_2.0,123368.456204,201641432,0.998004499684,1761.5331161
216,0.3539,0.3395,0.3086,0.4311,0.3885,0.3213,0.6009,0.1189,tcp_0.9,tcp,0.9,cm_10,1748526.0,201641432,0.998280673504,1036.94295597
217,0.3539,0.3395,0.3086,0.4311,0.3885,0.3213,0.6009,0.1189,tcp_0.9,tcp,0.9,cm_20,3691032.0,201641432,0.997154300233,1036.94295597
218,0.3539,0.3395,0.3086,0.4311,0.3885,0.3213,0.6009,0.1189,tcp_0.9,tcp,0.9,cm_50,9513551.0,201641432,0.995117576178,1036.94295597
219,0.3539,0.3395,0.3086,0.4311,0.3885,0.3213,0.6009,0.1189,tcp_0.9,tcp,0.9,cm_100,19196115.0,201641432,0.993246680601,1036.94295597
220,0.3539,0.3395,0.3086,0.4311,0.3885,0.3213,0.6009,0.1189,tcp_0.9,tcp,0.9,gm_0.5,3412733.6773,201641432,0.993916672209,1036.94295597
221,0.3539,0.3395,0.3086,0.4311,0.3885,0.3213,0.6009,0.1189,tcp_0.9,tcp,0.9,gm_1.0,812965.640755,201641432,0.99538672401,1036.94295597
222,0.3539,0.3395,0.3086,0.4311,0.3885,0.3213,0.6009,0.1189,tcp_0.9,tcp,0.9,gm_1.5,274436.226391,201641432,0.99707491378,1036.94295597
223,0.3539,0.3395,0.3086,0.4311,0.3885,0.3213,0.6009,0.1189,tcp_0.9,tcp,0.9,gm_2.0,123369.035753,201641432,0.998247092654,1036.94295597
224,0.4696,0.4659,0.4543,0.5797,0.5581,0.5162,0.739,0.2913,up_0.1,up,0.1,cm_10,1746860.0,201641432,0.998132369014,3641.44963694
225,0.4696,0.4659,0.4543,0.5797,0.5581,0.5162,0.739,0.2913,up_0.1,up,0.1,cm_20,3687789.0,201641432,0.996807139936,3641.44963694
226,0.4696,0.4659,0.4543,0.5797,0.5581,0.5162,0.739,0.2913,up_0.1,up,0.1,cm_50,9510103.0,201641432,0.994218989857,3641.44963694
227,0.4696,0.4659,0.4543,0.5797,0.5581,0.5162,0.739,0.2913,up_0.1,up,0.1,cm_100,19211797.0,201641432,0.991609185257,3641.44963694
228,0.4696,0.4659,0.4543,0.5797,0.5581,0.5162,0.739,0.2913,up_0.1,up,0.1,gm_0.5,3413617.46788,201641432,0.992716831396,3641.44963694
229,0.4696,0.4659,0.4543,0.5797,0.5581,0.5162,0.739,0.2913,up_0.1,up,0.1,gm_1.0,812695.296779,201641432,0.994671454395,3641.44963694
230,0.4696,0.4659,0.4543,0.5797,0.5581,0.5162,0.739,0.2913,up_0.1,up,0.1,gm_1.5,274225.328841,201641432,0.996734204427,3641.44963694
231,0.4696,0.4659,0.4543,0.5797,0.5581,0.5162,0.739,0.2913,up_0.1,up,0.1,gm_2.0,123246.670159,201641432,0.998095506519,3641.44963694
232,0.4788,0.4679,0.4568,0.5865,0.5554,0.5162,0.7404,0.2885,up_0.2,up,0.2,cm_10,1743372.0,201641432,0.998155230819,3095.1375041
233,0.4788,0.4679,0.4568,0.5865,0.5554,0.5162,0.7404,0.2885,up_0.2,up,0.2,cm_20,3680409.0,201641432,0.996836921619,3095.1375041
234,0.4788,0.4679,0.4568,0.5865,0.5554,0.5162,0.7404,0.2885,up_0.2,up,0.2,cm_50,9490844.0,201641432,0.994255679592,3095.1375041
235,0.4788,0.4679,0.4568,0.5865,0.5554,0.5162,0.7404,0.2885,up_0.2,up,0.2,cm_100,19172369.0,201641432,0.991645169543,3095.1375041
236,0.4788,0.4679,0.4568,0.5865,0.5554,0.5162,0.7404,0.2885,up_0.2,up,0.2,gm_0.5,3406664.13128,201641432,0.992746996994,3095.1375041
237,0.4788,0.4679,0.4568,0.5865,0.5554,0.5162,0.7404,0.2885,up_0.2,up,0.2,gm_1.0,811054.2363,201641432,0.994695949921,3095.1375041
238,0.4788,0.4679,0.4568,0.5865,0.5554,0.5162,0.7404,0.2885,up_0.2,up,0.2,gm_1.5,273675.369828,201641432,0.996753107375,3095.1375041
239,0.4788,0.4679,0.4568,0.5865,0.5554,0.5162,0.7404,0.2885,up_0.2,up,0.2,gm_2.0,123000.373246,201641432,0.998110222747,3095.1375041
240,0.4635,0.4536,0.4421,0.5662,0.5358,0.4959,0.7252,0.279,up_0.3,up,0.3,cm_10,1739948.0,201641432,0.998174716105,2635.014323
241,0.4635,0.4536,0.4421,0.5662,0.5358,0.4959,0.7252,0.279,up_0.3,up,0.3,cm_20,3673165.0,201641432,0.996865210006,2635.014323
242,0.4635,0.4536,0.4421,0.5662,0.5358,0.4959,0.7252,0.279,up_0.3,up,0.3,cm_50,9472139.0,201641432,0.994294749063,2635.014323
243,0.4635,0.4536,0.4421,0.5662,0.5358,0.4959,0.7252,0.279,up_0.3,up,0.3,cm_100,19134470.0,201641432,0.99168295179,2635.014323
244,0.4635,0.4536,0.4421,0.5662,0.5358,0.4959,0.7252,0.279,up_0.3,up,0.3,gm_0.5,3399940.82444,201641432,0.992778895769,2635.014323
245,0.4635,0.4536,0.4421,0.5662,0.5358,0.4959,0.7252,0.279,up_0.3,up,0.3,gm_1.0,809457.147308,201641432,0.994721475561,2635.014323
246,0.4635,0.4536,0.4421,0.5662,0.5358,0.4959,0.7252,0.279,up_0.3,up,0.3,gm_1.5,273137.666188,201641432,0.996772144405,2635.014323
247,0.4635,0.4536,0.4421,0.5662,0.5358,0.4959,0.7252,0.279,up_0.3,up,0.3,gm_2.0,122759.093925,201641432,0.998124546557,2635.014323
248,0.4639,0.4531,0.4451,0.5716,0.5378,0.5051,0.7177,0.2746,up_0.4,up,0.4,cm_10,1731424.0,201641432,0.998221558717,2105.38125515
249,0.4639,0.4531,0.4451,0.5716,0.5378,0.5051,0.7177,0.2746,up_0.4,up,0.4,cm_20,3655147.0,201641432,0.996931249167,2105.38125515
250,0.4639,0.4531,0.4451,0.5716,0.5378,0.5051,0.7177,0.2746,up_0.4,up,0.4,cm_50,9425555.0,201641432,0.994376737356,2105.38125515
251,0.4639,0.4531,0.4451,0.5716,0.5378,0.5051,0.7177,0.2746,up_0.4,up,0.4,cm_100,19039957.0,201641432,0.991760309535,2105.38125515
252,0.4639,0.4531,0.4451,0.5716,0.5378,0.5051,0.7177,0.2746,up_0.4,up,0.4,gm_0.5,3383184.81945,201641432,0.992847783323,2105.38125515
253,0.4639,0.4531,0.4451,0.5716,0.5378,0.5051,0.7177,0.2746,up_0.4,up,0.4,gm_1.0,805478.180029,201641432,0.994779600577,2105.38125515
254,0.4639,0.4531,0.4451,0.5716,0.5378,0.5051,0.7177,0.2746,up_0.4,up,0.4,gm_1.5,271797.785113,201641432,0.996816811503,2105.38125515
255,0.4639,0.4531,0.4451,0.5716,0.5378,0.5051,0.7177,0.2746,up_0.4,up,0.4,gm_2.0,122157.576106,201641432,0.998158074249,2105.38125515
256,0.4528,0.4541,0.4428,0.5608,0.5466,0.503,0.6959,0.2649,up_0.5,up,0.5,cm_10,1718619.0,201641432,0.998295835695,1694.35165596
257,0.4528,0.4541,0.4428,0.5608,0.5466,0.503,0.6959,0.2649,up_0.5,up,0.5,cm_20,3627221.0,201641432,0.997041064119,1694.35165596
258,0.4528,0.4541,0.4428,0.5608,0.5466,0.503,0.6959,0.2649,up_0.5,up,0.5,cm_50,9349770.0,201641432,0.994523653715,1694.35165596
259,0.4528,0.4541,0.4428,0.5608,0.5466,0.503,0.6959,0.2649,up_0.5,up,0.5,cm_100,18884165.0,201641432,0.991915745752,1694.35165596
260,0.4528,0.4541,0.4428,0.5608,0.5466,0.503,0.6959,0.2649,up_0.5,up,0.5,gm_0.5,3356036.64889,201641432,0.992986846249,1694.35165596
261,0.4528,0.4541,0.4428,0.5608,0.5466,0.503,0.6959,0.2649,up_0.5,up,0.5,gm_1.0,799207.333921,201641432,0.994893694183,1694.35165596
262,0.4528,0.4541,0.4428,0.5608,0.5466,0.503,0.6959,0.2649,up_0.5,up,0.5,gm_1.5,269744.694061,201641432,0.99689954885,1694.35165596
263,0.4528,0.4541,0.4428,0.5608,0.5466,0.503,0.6959,0.2649,up_0.5,up,0.5,gm_2.0,121252.364402,201641432,0.998216316256,1694.35165596
264,0.4252,0.419,0.4138,0.5338,0.502,0.475,0.6536,0.2426,up_0.6,up,0.6,cm_10,1677963.0,201641432,0.998435595499,1327.2274251
265,0.4252,0.419,0.4138,0.5338,0.502,0.475,0.6536,0.2426,up_0.6,up,0.6,cm_20,3541448.0,201641432,0.997246984215,1327.2274251
266,0.4252,0.419,0.4138,0.5338,0.502,0.475,0.6536,0.2426,up_0.6,up,0.6,cm_50,9130726.0,201641432,0.994804716066,1327.2274251
267,0.4252,0.419,0.4138,0.5338,0.502,0.475,0.6536,0.2426,up_0.6,up,0.6,cm_100,18440715.0,201641432,0.992205926953,1327.2274251
268,0.4252,0.419,0.4138,0.5338,0.502,0.475,0.6536,0.2426,up_0.6,up,0.6,gm_0.5,3277213.53721,201641432,0.993248448892,1327.2274251
269,0.4252,0.419,0.4138,0.5338,0.502,0.475,0.6536,0.2426,up_0.6,up,0.6,gm_1.0,780435.04935,201641432,0.995107964971,1327.2274251
270,0.4252,0.419,0.4138,0.5338,0.502,0.475,0.6536,0.2426,up_0.6,up,0.6,gm_1.5,263416.497761,201641432,0.99705354042,1327.2274251
271,0.4252,0.419,0.4138,0.5338,0.502,0.475,0.6536,0.2426,up_0.6,up,0.6,gm_2.0,118414.224974,201641432,0.998324064732,1327.2274251
272,0.388,0.3899,0.3832,0.4797,0.4709,0.4372,0.633,0.2202,up_0.7,up,0.7,cm_10,1597571.0,201641432,0.998700599929,997.092406988
273,0.388,0.3899,0.3832,0.4797,0.4709,0.4372,0.633,0.2202,up_0.7,up,0.7,cm_20,3370239.0,201641432,0.997665842446,997.092406988
274,0.388,0.3899,0.3832,0.4797,0.4709,0.4372,0.633,0.2202,up_0.7,up,0.7,cm_50,8676087.0,201641432,0.995451765942,997.092406988
275,0.388,0.3899,0.3832,0.4797,0.4709,0.4372,0.633,0.2202,up_0.7,up,0.7,cm_100,17486690.0,201641432,0.993018221171,997.092406988
276,0.388,0.3899,0.3832,0.4797,0.4709,0.4372,0.633,0.2202,up_0.7,up,0.7,gm_0.5,3111094.84754,201641432,0.993958254505,997.092406988
277,0.388,0.3899,0.3832,0.4797,0.4709,0.4372,0.633,0.2202,up_0.7,up,0.7,gm_1.0,741838.358661,201641432,0.995648162767,997.092406988
278,0.388,0.3899,0.3832,0.4797,0.4709,0.4372,0.633,0.2202,up_0.7,up,0.7,gm_1.5,250648.836669,201641432,0.99740575252,997.092406988
279,0.388,0.3899,0.3832,0.4797,0.4709,0.4372,0.633,0.2202,up_0.7,up,0.7,gm_2.0,112737.370966,201641432,0.998548418299,997.092406988
280,0.3724,0.3672,0.3616,0.4662,0.4419,0.4101,0.6243,0.189,up_0.8,up,0.8,cm_10,1396111.0,201641432,0.999128884007,783.075876951
281,0.3724,0.3672,0.3616,0.4662,0.4419,0.4101,0.6243,0.189,up_0.8,up,0.8,cm_20,2938376.0,201641432,0.998402901065,783.075876951
282,0.3724,0.3672,0.3616,0.4662,0.4419,0.4101,0.6243,0.189,up_0.8,up,0.8,cm_50,7551829.0,201641432,0.996794504796,783.075876951
283,0.3724,0.3672,0.3616,0.4662,0.4419,0.4101,0.6243,0.189,up_0.8,up,0.8,cm_100,15198311.0,201641432,0.994953039295,783.075876951
284,0.3724,0.3672,0.3616,0.4662,0.4419,0.4101,0.6243,0.189,up_0.8,up,0.8,gm_0.5,2707255.80023,201641432,0.995594605815,783.075876951
285,0.3724,0.3672,0.3616,0.4662,0.4419,0.4101,0.6243,0.189,up_0.8,up,0.8,gm_1.0,646769.597877,201641432,0.996804914276,783.075876951
286,0.3724,0.3672,0.3616,0.4662,0.4419,0.4101,0.6243,0.189,up_0.8,up,0.8,gm_1.5,218981.956673,201641432,0.998094467235,783.075876951
287,0.3724,0.3672,0.3616,0.4662,0.4419,0.4101,0.6243,0.189,up_0.8,up,0.8,gm_2.0,98649.383118,201641432,0.998946675492,783.075876951
288,0.2792,0.2731,0.2648,0.3631,0.3333,0.3007,0.485,0.1384,up_0.9,up,0.9,cm_10,829938.0,201641432,0.999520111839,568.80526185
289,0.2792,0.2731,0.2648,0.3631,0.3333,0.3007,0.485,0.1384,up_0.9,up,0.9,cm_20,1736638.0,201641432,0.999072282535,568.80526185
290,0.2792,0.2731,0.2648,0.3631,0.3333,0.3007,0.485,0.1384,up_0.9,up,0.9,cm_50,4417040.0,201641432,0.997952663561,568.80526185
291,0.2792,0.2731,0.2648,0.3631,0.3333,0.3007,0.485,0.1384,up_0.9,up,0.9,cm_100,8810812.0,201641432,0.99646218019,568.80526185
292,0.2792,0.2731,0.2648,0.3631,0.3333,0.3007,0.485,0.1384,up_0.9,up,0.9,gm_0.5,1579400.02206,201641432,0.996890746496,568.80526185
293,0.2792,0.2731,0.2648,0.3631,0.3333,0.3007,0.485,0.1384,up_0.9,up,0.9,gm_1.0,380594.146545,201641432,0.997764348128,568.80526185
294,0.2792,0.2731,0.2648,0.3631,0.3333,0.3007,0.485,0.1384,up_0.9,up,0.9,gm_1.5,129922.195316,201641432,0.99871170933,568.80526185
295,0.2792,0.2731,0.2648,0.3631,0.3333,0.3007,0.485,0.1384,up_0.9,up,0.9,gm_2.0,58848.582903,201641432,0.999321042895,568.80526185
